Model,AUC (Macro),AUC (Weighted)
Naive Bayes,0.9999675324675326,0.9999675324675324
