{
    "model_name": "Naive Bayes",
    "best_params": {},
    "cv_score": 0.9948863636363635,
    "test_score": 0.9954545454545455,
    "train_score": 0.9948863636363636,
    "time": 0.05329108238220215
}