{
  "model_name": "Random Forest",
  "train_score": 0.9965909090909091,
  "test_score": 0.9954545454545455,
  "cv_score": 0.9943181818181819,
  "cv_std": 0.005681818181818188
}